Workbook

Sheet Raw_Data
A1: CustomerID | B1: Gender | C1: SeniorCitizen | D1: Partner | E1: Dependents | F1: Tenure | G1: PhoneService | H1: InternetService | I1: Contract | J1: MonthlyCharges | K1: TotalCharges | L1: Churn | M1: Churn_Numeric
A2: 7590-VHVEG | B2: Female | C2: 0 | D2: Yes | E2: No | F2: 1 | G2: No | H2: DSL | I2: Month-to-month | J2: 29.85 | K2: 29.85 | L2: Yes | M2: =IF(L2="Yes",1,IF(L2="No",0,"")) -> 1
A3: 5575-GNVDE | B3: Male | C3: 0 | D3: No | E3: No | F3: 34 | G3: Yes | H3: DSL | I3: One year | J3: 56.95 | K3: 1889.5 | L3: No | M3: =IF(L3="Yes",1,IF(L3="No",0,"")) -> 0
A4: 3668-QPYBK | B4: Male | C4: 0 | D4: No | E4: No | F4: 2 | G4: Yes | H4: DSL | I4: Month-to-month | J4: 53.85 | K4: 108.15 | L4: Yes | M4: =IF(L4="Yes",1,IF(L4="No",0,"")) -> 1
A5: 7795-CFOCW | B5: Male | C5: 0 | D5: No | E5: No | F5: 45 | G5: No | H5: DSL | I5: One year | J5: 42.3 | K5: 1840.75 | L5: No | M5: =IF(L5="Yes",1,IF(L5="No",0,"")) -> 0
A6: 9237-HQITU | B6: Female | C6: 0 | D6: No | E6: No | F6: 2 | G6: Yes | H6: Fiber optic | I6: Month-to-month | J6: 70.7 | K6: 151.65 | L6: Yes | M6: =IF(L6="Yes",1,IF(L6="No",0,"")) -> 1
A7: 9305-CDSKC | B7: Female | C7: 0 | D7: No | E7: No | F7: 8 | G7: Yes | H7: Fiber optic | I7: Month-to-month | J7: 99.65 | K7: 820.5 | L7: Yes | M7: =IF(L7="Yes",1,IF(L7="No",0,"")) -> 1
A8: 1452-KIOVK | B8: Male | C8: 0 | D8: No | E8: Yes | F8: 22 | G8: Yes | H8: Fiber optic | I8: Month-to-month | J8: 89.1 | K8: 1949.4 | L8: No | M8: =IF(L8="Yes",1,IF(L8="No",0,"")) -> 0
A9: 6713-OKOMC | B9: Female | C9: 0 | D9: No | E9: No | F9: 10 | G9: No | H9: DSL | I9: Month-to-month | J9: 29.75 | K9: 301.9 | L9: No | M9: =IF(L9="Yes",1,IF(L9="No",0,"")) -> 0
A10: 7892-POOKP | B10: Female | C10: 0 | D10: Yes | E10: No | F10: 28 | G10: Yes | H10: Fiber optic | I10: Month-to-month | J10: 104.8 | K10: 3046.05 | L10: Yes | M10: =IF(L10="Yes",1,IF(L10="No",0,"")) -> 1
A11: 6388-TABGU | B11: Male | C11: 0 | D11: No | E11: Yes | F11: 62 | G11: Yes | H11: DSL | I11: Two year | J11: 56.15 | K11: 3489.2 | L11: No | M11: =IF(L11="Yes",1,IF(L11="No",0,"")) -> 0
A12: 9763-GRSKD | B12: Male | C12: 0 | D12: Yes | E12: Yes | F12: 13 | G12: Yes | H12: DSL | I12: Month-to-month | J12: 49.95 | K12: 587.45 | L12: No | M12: =IF(L12="Yes",1,IF(L12="No",0,"")) -> 0
A13: 7469-LKBCI | B13: Male | C13: 0 | D13: No | E13: No | F13: 16 | G13: Yes | H13: No | I13: Two year | J13: 20.5 | K13: 330.6 | L13: No | M13: =IF(L13="Yes",1,IF(L13="No",0,"")) -> 0
... A21: 5855-EVOXY | B21: Female | C21: 0 | D21: No | E21: No | F21: 12 | G21: Yes | H21: Fiber optic | I21: Month-to-month | J21: 99.9 | K21: 1190.4 | L21: Yes | M21: =IF(L21="Yes",1,IF(L21="No",0,"")) -> 1

Sheet Analysis
A1: Telco Customer Churn Analysis — 20 Raw Data Rows
A3: 1. Churn Count | D3: 4. InternetService vs Churn
A4: Churn | B4: Customer Count | D4: InternetService | E4: Churn = Yes | F4: Churn = No
A5: Yes | B5: =COUNTIF(Raw_Data!$L$2:$L$21,A5) -> 10 | D5: DSL | E5: =COUNTIFS(Raw_Data!$H$2:$H$21,D5,Raw_Data!$L$2:$L$21,"Yes") -> 2 | F5: =COUNTIFS(Raw_Data!$H$2:$H$21,D5,Raw_Data!$L$2:$L$21,"No") -> 6
A6: No | B6: =COUNTIF(Raw_Data!$L$2:$L$21,A6) -> 10 | D6: Fiber optic | E6: =COUNTIFS(Raw_Data!$H$2:$H$21,D6,Raw_Data!$L$2:$L$21,"Yes") -> 8 | F6: =COUNTIFS(Raw_Data!$H$2:$H$21,D6,Raw_Data!$L$2:$L$21,"No") -> 2
D7: No | E7: =COUNTIFS(Raw_Data!$H$2:$H$21,D7,Raw_Data!$L$2:$L$21,"Yes") -> 0 | F7: =COUNTIFS(Raw_Data!$H$2:$H$21,D7,Raw_Data!$L$2:$L$21,"No") -> 2
A9: 2. Contract Type vs Churned Customers
A10: Contract | B10: Churn = Yes
A11: Month-to-month | B11: =COUNTIFS(Raw_Data!$I$2:$I$21,A11,Raw_Data!$L$2:$L$21,"Yes") -> 10
A12: One year | B12: =COUNTIFS(Raw_Data!$I$2:$I$21,A12,Raw_Data!$L$2:$L$21,"Yes") -> 0
A13: Two year | B13: =COUNTIFS(Raw_Data!$I$2:$I$21,A13,Raw_Data!$L$2:$L$21,"Yes") -> 0
A16: 3. Average MonthlyCharges
A17: Churn | B17: Average MonthlyCharges
A18: Yes | B18: =AVERAGEIF(Raw_Data!$L$2:$L$21,A18,Raw_Data!$J$2:$J$21) -> 85.24
A19: No | B19: =AVERAGEIF(Raw_Data!$L$2:$L$21,A19,Raw_Data!$J$2:$J$21) -> 52.905
D20: 5. Tenure vs Churn
D21: CORREL result | E21: =CORREL(Raw_Data!$F$2:$F$21,Raw_Data!$M$2:$M$21) -> -0.55722848
D22: Interpretation | E22: =IF(E21<0,"Negative correlation: longer tenure is associated with lower churn.",IF(E21>0,"Positive correlation: longer tenure is associated with higher churn.","No linear correlation.")) -> Negative correlation: longer tenure is associated with lower churn.
D24: Note | E24: These are 20 sample raw-data rows for completing the Excel exercise.
